ciudad,total_sales,n_sales,avg_ticket
Rio Cuarto,784447.0,37,21201.27027027027
Alta Gracia,481504.0,25,19260.16
Cordoba,481482.0,24,20061.75
Carlos Paz,353852.0,13,27219.384615384617
Villa Maria,313350.0,11,28486.363636363636
Mendiolaza,229026.0,10,22902.6
