,cantidad,precio_unitario,importe
cantidad,1.0,-0.07277973627773913,0.600982072470043
precio_unitario,-0.07277973627773913,1.0,0.6810741551849293
importe,0.600982072470043,0.6810741551849293,1.0
