var1,var2,n,pearson_r,pearson_p,spearman_r,spearman_p
cantidad,precio_unitario,341,-0.07277973627773913,0.1799828219816995,-0.06919068906252458,0.20247760695090955
cantidad,importe,341,0.6009820724700421,7.36467907244187e-35,0.6122514042373479,1.8476062889549406e-36
precio_unitario,importe,341,0.6810741551849296,8.208182694301002e-48,0.6993460009803676,2.2679252862897468e-51
