var1,var2,n,pearson_r,pearson_p,spearman_r,spearman_p
cantidad,precio_unitario,341,-0.07277973627773916,0.18081918081918083,-0.06919068906252458,0.23076923076923078
cantidad,importe,341,0.6009820724700423,0.000999000999000999,0.6122514042373479,0.000999000999000999
precio_unitario,importe,341,0.6810741551849296,0.000999000999000999,0.6993460009803676,0.000999000999000999
