{
    "MAE": 487.86029052734375,
    "MSE": 439482.5625,
    "RMSE": 662.9348101435012,
    "R2": 0.974489152431488,
    "MAPE": 12.671190854604475
}